{
    "name": "root",
    "metadata": {
        "timer_format_version": "0.1.0",
        "start_time_seconds": "1673652241",
        "python_version": "3.9.7 (tags/v3.9.7:1016ef3, Aug 30 2021, 20:19:38) [MSC v.1929 64 bit (AMD64)]",
        "command_line_arguments": "C:\\Users\\rune\\AppData\\Local\\Programs\\Python\\Python39\\Scripts\\mlagents-learn Config/example_config.yaml --run-id=parkourMovementTest --force",
        "mlagents_version": "0.30.0",
        "mlagents_envs_version": "0.30.0",
        "communication_protocol_version": "1.5.0",
        "pytorch_version": "1.13.1+cpu",
        "numpy_version": "1.21.2",
        "end_time_seconds": "1673652261"
    },
    "total": 20.109637799999998,
    "count": 1,
    "self": 0.00926589999999905,
    "children": {
        "run_training.setup": {
            "total": 0.1467242999999998,
            "count": 1,
            "self": 0.1467242999999998
        },
        "TrainerController.start_learning": {
            "total": 19.9536476,
            "count": 1,
            "self": 0.0001640999999992232,
            "children": {
                "TrainerController._reset_env": {
                    "total": 19.4052014,
                    "count": 1,
                    "self": 19.4052014
                },
                "TrainerController.advance": {
                    "total": 0.5259777000000021,
                    "count": 1,
                    "self": 1.3700000003780133e-05,
                    "children": {
                        "env_step": {
                            "total": 0.5259639999999983,
                            "count": 1,
                            "self": 0.00013649999999998386,
                            "children": {
                                "SubprocessEnvManager._take_step": {
                                    "total": 0.5258274999999983,
                                    "count": 1,
                                    "self": 3.499999999689862e-05,
                                    "children": {
                                        "TorchPolicy.evaluate": {
                                            "total": 0.5257925000000014,
                                            "count": 1,
                                            "self": 0.5257925000000014
                                        }
                                    }
                                }
                            }
                        }
                    }
                },
                "TrainerController._save_models": {
                    "total": 0.022304399999999447,
                    "count": 1,
                    "self": 2.6999999999333113e-05,
                    "children": {
                        "RLTrainer._checkpoint": {
                            "total": 0.022277400000000114,
                            "count": 1,
                            "self": 0.022277400000000114
                        }
                    }
                }
            }
        }
    }
}