{
    "name": "root",
    "gauges": {
        "Parkour.Policy.Entropy.mean": {
            "value": 1.4156482219696045,
            "min": 1.411277413368225,
            "max": 1.4307472705841064,
            "count": 11
        },
        "Parkour.Policy.Entropy.sum": {
            "value": 17939.09375,
            "min": 8965.00390625,
            "max": 18073.27734375,
            "count": 11
        },
        "Parkour.Environment.EpisodeLength.mean": {
            "value": 0.0,
            "min": 0.0,
            "max": 0.0,
            "count": 1
        },
        "Parkour.Environment.EpisodeLength.sum": {
            "value": 0.0,
            "min": 0.0,
            "max": 0.0,
            "count": 1
        },
        "Parkour.Step.mean": {
            "value": 109962.0,
            "min": 9994.0,
            "max": 109962.0,
            "count": 11
        },
        "Parkour.Step.sum": {
            "value": 109962.0,
            "min": 9994.0,
            "max": 109962.0,
            "count": 11
        },
        "Parkour.Policy.ExtrinsicValueEstimate.mean": {
            "value": -0.0020804363302886486,
            "min": -0.0020804363302886486,
            "max": 0.344877153635025,
            "count": 11
        },
        "Parkour.Policy.ExtrinsicValueEstimate.sum": {
            "value": -0.32454806566238403,
            "min": -0.32454806566238403,
            "max": 57.24960708618164,
            "count": 11
        },
        "Parkour.Environment.CumulativeReward.mean": {
            "value": 1.0,
            "min": 1.0,
            "max": 1.0,
            "count": 1
        },
        "Parkour.Environment.CumulativeReward.sum": {
            "value": 10.0,
            "min": 10.0,
            "max": 10.0,
            "count": 1
        },
        "Parkour.Policy.ExtrinsicReward.mean": {
            "value": 1.0,
            "min": 1.0,
            "max": 1.0,
            "count": 1
        },
        "Parkour.Policy.ExtrinsicReward.sum": {
            "value": 10.0,
            "min": 10.0,
            "max": 10.0,
            "count": 1
        },
        "Parkour.Losses.PolicyLoss.mean": {
            "value": 0.2455985604747562,
            "min": 0.2344511761828668,
            "max": 0.25639846262958077,
            "count": 11
        },
        "Parkour.Losses.PolicyLoss.sum": {
            "value": 0.9823942418990248,
            "min": 0.4689023523657336,
            "max": 1.025593850518323,
            "count": 11
        },
        "Parkour.Losses.ValueLoss.mean": {
            "value": 1.3561653774084861e-05,
            "min": 1.0554921819965171e-05,
            "max": 0.005100241223918437,
            "count": 11
        },
        "Parkour.Losses.ValueLoss.sum": {
            "value": 5.4246615096339445e-05,
            "min": 2.1109843639930342e-05,
            "max": 0.010200482447836874,
            "count": 11
        },
        "Parkour.Policy.LearningRate.mean": {
            "value": 0.0002374596208468,
            "min": 0.0002374596208468,
            "max": 0.00029638440120519994,
            "count": 11
        },
        "Parkour.Policy.LearningRate.sum": {
            "value": 0.0009498384833872,
            "min": 0.0004863240378920001,
            "max": 0.001162728012424,
            "count": 11
        },
        "Parkour.Policy.Epsilon.mean": {
            "value": 0.1791532,
            "min": 0.1791532,
            "max": 0.1987948,
            "count": 11
        },
        "Parkour.Policy.Epsilon.sum": {
            "value": 0.7166128,
            "min": 0.36210800000000004,
            "max": 0.787576,
            "count": 11
        },
        "Parkour.Policy.Beta.mean": {
            "value": 0.0005000000000000002,
            "min": 0.0005000000000000002,
            "max": 0.0005000000000000002,
            "count": 11
        },
        "Parkour.Policy.Beta.sum": {
            "value": 0.002000000000000001,
            "min": 0.0010000000000000005,
            "max": 0.002000000000000001,
            "count": 11
        },
        "Parkour.IsTraining.mean": {
            "value": 1.0,
            "min": 1.0,
            "max": 1.0,
            "count": 11
        },
        "Parkour.IsTraining.sum": {
            "value": 1.0,
            "min": 1.0,
            "max": 1.0,
            "count": 11
        }
    },
    "metadata": {
        "timer_format_version": "0.1.0",
        "start_time_seconds": "1673630439",
        "python_version": "3.9.7 (tags/v3.9.7:1016ef3, Aug 30 2021, 20:19:38) [MSC v.1929 64 bit (AMD64)]",
        "command_line_arguments": "C:\\Users\\rune\\AppData\\Local\\Programs\\Python\\Python39\\Scripts\\mlagents-learn Config/example_config.yaml --run-id=TestRunReplicated_99 --num-areas=99 --force",
        "mlagents_version": "0.30.0",
        "mlagents_envs_version": "0.30.0",
        "communication_protocol_version": "1.5.0",
        "pytorch_version": "1.13.1+cpu",
        "numpy_version": "1.21.2",
        "end_time_seconds": "1673630749"
    },
    "total": 309.8067478,
    "count": 1,
    "self": 0.013381799999990562,
    "children": {
        "run_training.setup": {
            "total": 0.14021709999999965,
            "count": 1,
            "self": 0.14021709999999965
        },
        "TrainerController.start_learning": {
            "total": 309.6531489,
            "count": 1,
            "self": 0.0383193999993523,
            "children": {
                "TrainerController._reset_env": {
                    "total": 14.805790599999998,
                    "count": 1,
                    "self": 14.805790599999998
                },
                "TrainerController.advance": {
                    "total": 294.69785440000067,
                    "count": 1155,
                    "self": 0.038277099999731945,
                    "children": {
                        "env_step": {
                            "total": 47.798947600000304,
                            "count": 1155,
                            "self": 45.565209100000445,
                            "children": {
                                "SubprocessEnvManager._take_step": {
                                    "total": 2.2104218999992824,
                                    "count": 1155,
                                    "self": 0.20343729999876103,
                                    "children": {
                                        "TorchPolicy.evaluate": {
                                            "total": 2.0069846000005214,
                                            "count": 1154,
                                            "self": 2.0069846000005214
                                        }
                                    }
                                },
                                "workers": {
                                    "total": 0.023316600000580223,
                                    "count": 1154,
                                    "self": 0.0,
                                    "children": {
                                        "worker_root": {
                                            "total": 282.28409490000007,
                                            "count": 1154,
                                            "is_parallel": true,
                                            "self": 254.95683620000068,
                                            "children": {
                                                "steps_from_proto": {
                                                    "total": 0.0011802000000002977,
                                                    "count": 1,
                                                    "is_parallel": true,
                                                    "self": 0.00034420000000068285,