{
    "name": "root",
    "gauges": {
        "ParkourBehavior.Policy.Entropy.mean": {
            "value": 1.7352875471115112,
            "min": 1.4636420011520386,
            "max": 1.7352875471115112,
            "count": 5
        },
        "ParkourBehavior.Policy.Entropy.sum": {
            "value": 17354.611328125,
            "min": 14643.73828125,
            "max": 17354.611328125,
            "count": 5
        },
        "ParkourBehavior.Environment.EpisodeLength.mean": {
            "value": 4.751581368602645,
            "min": 4.61629213483146,
            "max": 5.108735491753207,
            "count": 5
        },
        "ParkourBehavior.Environment.EpisodeLength.sum": {
            "value": 8263.0,
            "min": 8217.0,
            "max": 8363.0,
            "count": 5
        },
        "ParkourBehavior.Step.mean": {
            "value": 49999.0,
            "min": 9994.0,
            "max": 49999.0,
            "count": 5
        },
        "ParkourBehavior.Step.sum": {
            "value": 49999.0,
            "min": 9994.0,
            "max": 49999.0,
            "count": 5
        },
        "ParkourBehavior.Policy.ExtrinsicValueEstimate.mean": {
            "value": 0.11124923080205917,
            "min": -0.008303479291498661,
            "max": 0.1202944964170456,
            "count": 5
        },
        "ParkourBehavior.Policy.ExtrinsicValueEstimate.sum": {
            "value": 193.46241760253906,
            "min": -13.584492683410645,
            "max": 214.12420654296875,
            "count": 5
        },
        "ParkourBehavior.Environment.CumulativeReward.mean": {
            "value": 0.16216216216216217,
            "min": 0.14702380952380953,
            "max": 0.18258426966292135,
            "count": 5
        },
        "ParkourBehavior.Environment.CumulativeReward.sum": {
            "value": 282.0,
            "min": 247.0,
            "max": 325.0,
            "count": 5
        },
        "ParkourBehavior.Policy.ExtrinsicReward.mean": {
            "value": 0.16216216216216217,
            "min": 0.14702380952380953,
            "max": 0.18258426966292135,
            "count": 5
        },
        "ParkourBehavior.Policy.ExtrinsicReward.sum": {
            "value": 282.0,
            "min": 247.0,
            "max": 325.0,
            "count": 5
        },
        "ParkourBehavior.Losses.PolicyLoss.mean": {
            "value": 0.2364821851325849,
            "min": 0.23416950990345572,
            "max": 0.24313544401140663,
            "count": 5
        },
        "ParkourBehavior.Losses.PolicyLoss.sum": {
            "value": 22.70228977272815,
            "min": 22.246103440828293,
            "max": 23.341002625095037,
            "count": 5
        },
        "ParkourBehavior.Losses.ValueLoss.mean": {
            "value": 0.15029587979464334,
            "min": 0.15029587979464334,
            "max": 0.2981445505637289,
            "count": 5
        },
        "ParkourBehavior.Losses.ValueLoss.sum": {
            "value": 14.428404460285762,
            "min": 14.428404460285762,
            "max": 28.323732303554245,
            "count": 5
        },
        "ParkourBehavior.Policy.LearningRate.mean": {
            "value": 0.0002730045589984833,
            "min": 0.0002730045589984833,
            "max": 0.0002969947462649094,
            "count": 5
        },
        "ParkourBehavior.Policy.LearningRate.sum": {
            "value": 0.026208437663854396,
            "min": 0.026208437663854396,
            "max": 0.028214500895166392,
            "count": 5
        },
        "ParkourBehavior.Policy.Epsilon.mean": {
            "value": 0.19100151666666668,
            "min": 0.19100151666666668,
            "max": 0.19899824842105268,
            "count": 5
        },
        "ParkourBehavior.Policy.Epsilon.sum": {
            "value": 18.336145600000002,
            "min": 18.334833600000003,
            "max": 18.9118696,
            "count": 5
        },
        "ParkourBehavior.Policy.Beta.mean": {
            "value": 0.0005000000000000001,
            "min": 0.0005000000000000001,
            "max": 0.0005000000000000001,
            "count": 5
        },
        "ParkourBehavior.Policy.Beta.sum": {
            "value": 0.048000000000000015,
            "min": 0.047500000000000014,
            "max": 0.048000000000000015,
            "count": 5
        },
        "ParkourBehavior.IsTraining.mean": {
            "value": 1.0,
            "min": 1.0,
            "max": 1.0,
            "count": 5
        },
        "ParkourBehavior.IsTraining.sum": {
            "value": 1.0,
            "min": 1.0,
            "max": 1.0,
            "count": 5
        }
    },
    "metadata": {
        "timer_format_version": "0.1.0",
        "start_time_seconds": "1673741068",
        "python_version": "3.9.7 (tags/v3.9.7:1016ef3, Aug 30 2021, 20:19:38) [MSC v.1929 64 bit (AMD64)]",
        "command_line_arguments": "C:\\Users\\rune\\AppData\\Local\\Programs\\Python\\Python39\\Scripts\\mlagents-learn config/example_config.yaml --run-id=ParkourV1 --env=Builds\\V1\\Environment.exe --num-env=5 --num-areas=20 --force --no-graphics",
        "mlagents_version": "0.30.0",
        "mlagents_envs_version": "0.30.0",
        "communication_protocol_version": "1.5.0",
        "pytorch_version": "1.13.1+cpu",
        "numpy_version": "1.21.2",
        "end_time_seconds": "1673741550"
    },
    "total": 482.0595004,
    "count": 1,
    "self": 4.181468000000052,
    "children": {
        "run_training.setup": {
            "total": 0.5617483000000001,
            "count": 1,
            "self": 0.5617483000000001
        },
        "TrainerController.start_learning": {
            "total": 477.31628409999996,
            "count": 1,
            "self": 1.6212069999993446,
            "children": {
                "TrainerController._reset_env": {
                    "total": 9.5584804,
                    "count": 1,
                    "self": 9.5584804
                },
                "TrainerController.advance": {
                    "total": 465.9009595000006,
                    "count": 24918,
                    "self": 1.3242750999931445,
                    "children": {
                        "env_step": {
                            "total": 230.9563861000034,
                            "count": 24918,
                            "self": 57.12646650000215,
                            "children": {
                                "SubprocessEnvManager._take_step": {
                                    "total": 172.59000869999892,
                                    "count": 66104,
                                    "self": 7.521052399995,
                                    "children": {
                                        "TorchPolicy.evaluate": {
                                            "total": 165.06895630000392,
                                            "count": 57016,
                                            "self": 165.06895630000392
                                        }
                                    }
                                },
                                "workers": {
                                    "total": 1.2399109000023358,
                                    "count": 24918,
                                    "self": 0.0,
                                    "children": {
                                        "worker_root": {
                                            "total": 2334.1397320999818,
                                            "count": 66102,
                                            "is_parallel": true,
                                            "self": 1929.0639627999838,
                                            "children": {
                                                "steps_from_proto": {
                                                    "total": 0.0027720000000002187,