{
    "name": "root",
    "gauges": {
        "ParkourBehavior.Policy.Entropy.mean": {
            "value": 1.5140750408172607,
            "min": 1.410894751548767,
            "max": 1.5735293626785278,
            "count": 50
        },
        "ParkourBehavior.Policy.Entropy.sum": {
            "value": 15146.806640625,
            "min": 14123.056640625,
            "max": 15735.2939453125,
            "count": 50
        },
        "ParkourBehavior.Environment.EpisodeLength.mean": {
            "value": 1.8810483870967742,
            "min": 1.8446657183499289,
            "max": 7.517035775127768,
            "count": 50
        },
        "ParkourBehavior.Environment.EpisodeLength.sum": {
            "value": 6531.0,
            "min": 6484.0,
            "max": 8825.0,
            "count": 50
        },
        "ParkourBehavior.Step.mean": {
            "value": 499999.0,
            "min": 9995.0,
            "max": 499999.0,
            "count": 50
        },
        "ParkourBehavior.Step.sum": {
            "value": 499999.0,
            "min": 9995.0,
            "max": 499999.0,
            "count": 50
        },
        "ParkourBehavior.Policy.ExtrinsicValueEstimate.mean": {
            "value": 0.9819722771644592,
            "min": 0.048295170068740845,
            "max": 0.9901675581932068,
            "count": 50
        },
        "ParkourBehavior.Policy.ExtrinsicValueEstimate.sum": {
            "value": 3409.40771484375,
            "min": 79.59043884277344,
            "max": 3464.46826171875,
            "count": 50
        },
        "ParkourBehavior.Environment.CumulativeReward.mean": {
            "value": 0.9925115207373272,
            "min": 0.1328883495145631,
            "max": 1.0,
            "count": 50
        },
        "ParkourBehavior.Environment.CumulativeReward.sum": {
            "value": 3446.0,
            "min": 219.0,
            "max": 3500.0,
            "count": 50
        },
        "ParkourBehavior.Policy.ExtrinsicReward.mean": {
            "value": 0.9925115207373272,
            "min": 0.1328883495145631,
            "max": 1.0,
            "count": 50
        },
        "ParkourBehavior.Policy.ExtrinsicReward.sum": {
            "value": 3446.0,
            "min": 219.0,
            "max": 3500.0,
            "count": 50
        },
        "ParkourBehavior.Losses.PolicyLoss.mean": {
            "value": 0.23290026198950617,
            "min": 0.2312262388982805,
            "max": 0.24763148277200547,
            "count": 50
        },
        "ParkourBehavior.Losses.PolicyLoss.sum": {
            "value": 22.824225674971604,
            "min": 22.197718934234928,
            "max": 24.053326248049657,
            "count": 50
        },
        "ParkourBehavior.Losses.ValueLoss.mean": {
            "value": 0.0026784690444531275,
            "min": 0.00017686863936253503,
            "max": 5.218368547571316,
            "count": 50
        },
        "ParkourBehavior.Losses.ValueLoss.sum": {
            "value": 0.2624899663564065,
            "min": 0.017333126657528432,
            "max": 495.745012019275,
            "count": 50
        },
        "ParkourBehavior.Policy.LearningRate.mean": {
            "value": 3.0228867475061214e-06,
            "min": 3.0228867475061214e-06,
            "max": 0.0002969750915346189,
            "count": 50
        },
        "ParkourBehavior.Policy.LearningRate.sum": {
            "value": 0.0002962429012555999,
            "min": 0.0002962429012555999,
            "max": 0.0282254426915192,
            "count": 50
        },
        "ParkourBehavior.Policy.Epsilon.mean": {
            "value": 0.10100759591836735,
            "min": 0.10100759591836735,
            "max": 0.1989916968421053,
            "count": 50
        },
        "ParkourBehavior.Policy.Epsilon.sum": {
            "value": 9.8987444,
            "min": 9.8987444,
            "max": 19.108480800000002,
            "count": 50
        },
        "ParkourBehavior.Policy.Beta.mean": {
            "value": 0.0005000000000000002,
            "min": 0.0005000000000000001,
            "max": 0.0005000000000000002,
            "count": 50
        },
        "ParkourBehavior.Policy.Beta.sum": {
            "value": 0.04900000000000002,
            "min": 0.046500000000000014,
            "max": 0.04900000000000002,
            "count": 50
        },
        "ParkourBehavior.IsTraining.mean": {
            "value": 1.0,
            "min": 1.0,
            "max": 1.0,
            "count": 50
        },
        "ParkourBehavior.IsTraining.sum": {
            "value": 1.0,
            "min": 1.0,
            "max": 1.0,
            "count": 50
        }
    },
    "metadata": {
        "timer_format_version": "0.1.0",
        "start_time_seconds": "1673741587",
        "python_version": "3.9.7 (tags/v3.9.7:1016ef3, Aug 30 2021, 20:19:38) [MSC v.1929 64 bit (AMD64)]",
        "command_line_arguments": "C:\\Users\\rune\\AppData\\Local\\Programs\\Python\\Python39\\Scripts\\mlagents-learn config/example_config.yaml --run-id=ParkourV5 --env=Builds\\V1\\Environment.exe --num-env=2 --num-areas=9 --no-graphics",
        "mlagents_version": "0.30.0",
        "mlagents_envs_version": "0.30.0",
        "communication_protocol_version": "1.5.0",
        "pytorch_version": "1.13.1+cpu",
        "numpy_version": "1.21.2",
        "end_time_seconds": "1673745377"
    },
    "total": 3790.2774349,
    "count": 1,
    "self": 0.4511059000001296,
    "children": {
        "run_training.setup": {
            "total": 0.24958280000000022,
            "count": 1,
            "self": 0.24958280000000022
        },
        "TrainerController.start_learning": {
            "total": 3789.5767462,
            "count": 1,
            "self": 18.393604200061873,
            "children": {
                "TrainerController._reset_env": {
                    "total": 3.7470161999999996,
                    "count": 1,
                    "self": 3.7470161999999996
                },
                "TrainerController.advance": {
                    "total": 3767.319712999938,
                    "count": 612017,
                    "self": 17.1189915000532,
                    "children": {
                        "env_step": {
                            "total": 2126.946417899898,
                            "count": 612017,
                            "self": 1098.8885368998954,
                            "children": {
                                "SubprocessEnvManager._take_step": {
                                    "total": 1016.8565948999678,
                                    "count": 618378,
                                    "self": 42.196133800029315,
                                    "children": {
                                        "TorchPolicy.evaluate": {
                                            "total": 974.6604610999385,
                                            "count": 500005,
                                            "self": 974.6604610999385
                                        }
                                    }
                                },
                                "workers": {
                                    "total": 11.2012861000346,
                                    "count": 612017,
                                    "self": 0.0,
                                    "children": {
                                        "worker_root": {
                                            "total": 7547.528943300162,
                                            "count": 618377,
                                            "is_parallel": true,
                                            "self": 4915.904316400262,
                                            "children": {
                                                "steps_from_proto": {
                                                    "total": 0.0009177000000000213,