{
    "name": "root",
    "gauges": {
        "ParkourBehavior.Policy.Entropy.mean": {
            "value": 2.1942920684814453,
            "min": 1.4858272075653076,
            "max": 2.2146222591400146,
            "count": 50
        },
        "ParkourBehavior.Policy.Entropy.sum": {
            "value": 21833.205078125,
            "min": 15569.66015625,
            "max": 22549.5234375,
            "count": 50
        },
        "ParkourBehavior.Environment.EpisodeLength.mean": {
            "value": 8.601547388781432,
            "min": 5.541884816753926,
            "max": 8.985929648241205,
            "count": 50
        },
        "ParkourBehavior.Environment.EpisodeLength.sum": {
            "value": 8894.0,
            "min": 8468.0,
            "max": 9056.0,
            "count": 50
        },
        "ParkourBehavior.Step.mean": {
            "value": 499992.0,
            "min": 9993.0,
            "max": 499992.0,
            "count": 50
        },
        "ParkourBehavior.Step.sum": {
            "value": 499992.0,
            "min": 9993.0,
            "max": 499992.0,
            "count": 50
        },
        "ParkourBehavior.Policy.ExtrinsicValueEstimate.mean": {
            "value": 0.3563867509365082,
            "min": 0.07123744487762451,
            "max": 0.3563867509365082,
            "count": 50
        },
        "ParkourBehavior.Policy.ExtrinsicValueEstimate.sum": {
            "value": 369.2166748046875,
            "min": 97.8802490234375,
            "max": 369.2166748046875,
            "count": 50
        },
        "ParkourBehavior.Environment.CumulativeReward.mean": {
            "value": 0.41392649903288203,
            "min": 0.1710794297352342,
            "max": 0.41392649903288203,
            "count": 50
        },
        "ParkourBehavior.Environment.CumulativeReward.sum": {
            "value": 428.0,
            "min": 235.0,
            "max": 428.0,
            "count": 50
        },
        "ParkourBehavior.Policy.ExtrinsicReward.mean": {
            "value": 0.41392649903288203,
            "min": 0.1710794297352342,
            "max": 0.41392649903288203,
            "count": 50
        },
        "ParkourBehavior.Policy.ExtrinsicReward.sum": {
            "value": 428.0,
            "min": 235.0,
            "max": 428.0,
            "count": 50
        },
        "ParkourBehavior.Losses.PolicyLoss.mean": {
            "value": 0.24134985865283984,
            "min": 0.23392566478526328,
            "max": 0.2909162052646548,
            "count": 50
        },
        "ParkourBehavior.Losses.PolicyLoss.sum": {
            "value": 21.480137420102746,
            "min": 21.100576324546946,
            "max": 26.473374679083584,
            "count": 50
        },
        "ParkourBehavior.Losses.ValueLoss.mean": {
            "value": 0.13009136317756972,
            "min": 0.10383028776788739,
            "max": 1.2561414840480456,
            "count": 50
        },
        "ParkourBehavior.Losses.ValueLoss.sum": {
            "value": 11.578131322803706,
            "min": 9.344725899109864,
            "max": 115.5650165324202,
            "count": 50
        },
        "ParkourBehavior.Policy.LearningRate.mean": {
            "value": 3.0259798902494398e-06,
            "min": 3.0259798902494398e-06,
            "max": 0.0002969562988406544,
            "count": 50
        },
        "ParkourBehavior.Policy.LearningRate.sum": {
            "value": 0.00026931221023220015,
            "min": 0.00026931221023220015,
            "max": 0.027319979493340203,
            "count": 50
        },
        "ParkourBehavior.Policy.Epsilon.mean": {
            "value": 0.10100862696629215,
            "min": 0.10100862696629215,
            "max": 0.19898543260869564,
            "count": 50
        },
        "ParkourBehavior.Policy.Epsilon.sum": {
            "value": 8.989767800000001,
            "min": 8.989767800000001,
            "max": 18.320022600000005,
            "count": 50
        },
        "ParkourBehavior.Policy.Beta.mean": {
            "value": 0.0005000000000000001,
            "min": 0.0005000000000000001,
            "max": 0.0005000000000000001,
            "count": 50
        },
        "ParkourBehavior.Policy.Beta.sum": {
            "value": 0.04450000000000001,
            "min": 0.04400000000000001,
            "max": 0.046500000000000014,
            "count": 50
        },
        "ParkourBehavior.IsTraining.mean": {
            "value": 1.0,
            "min": 1.0,
            "max": 1.0,
            "count": 50
        },
        "ParkourBehavior.IsTraining.sum": {
            "value": 1.0,
            "min": 1.0,
            "max": 1.0,
            "count": 50
        }
    },
    "metadata": {
        "timer_format_version": "0.1.0",
        "start_time_seconds": "1673746480",
        "python_version": "3.9.7 (tags/v3.9.7:1016ef3, Aug 30 2021, 20:19:38) [MSC v.1929 64 bit (AMD64)]",
        "command_line_arguments": "C:\\Users\\rune\\AppData\\Local\\Programs\\Python\\Python39\\Scripts\\mlagents-learn config/example_config.yaml --run-id=ParkourV6 --env=Builds\\V2\\Environment.exe --num-env=2 --num-areas=50 --no-graphics",
        "mlagents_version": "0.30.0",
        "mlagents_envs_version": "0.30.0",
        "communication_protocol_version": "1.5.0",
        "pytorch_version": "1.13.1+cpu",
        "numpy_version": "1.21.2",
        "end_time_seconds": "1673747964"
    },
    "total": 1483.2967125999999,
    "count": 1,
    "self": 0.9657618999999613,
    "children": {
        "run_training.setup": {
            "total": 0.24710730000000014,
            "count": 1,
            "self": 0.24710730000000014
        },
        "TrainerController.start_learning": {
            "total": 1482.0838434,
            "count": 1,
            "self": 1.589289599990252,
            "children": {
                "TrainerController._reset_env": {
                    "total": 8.811912300000001,
                    "count": 1,
                    "self": 8.811912300000001
                },
                "TrainerController.advance": {
                    "total": 1471.5884336000097,
                    "count": 49383,
                    "self": 1.4566126000045188,
                    "children": {
                        "env_step": {
                            "total": 151.20287560001685,
                            "count": 49383,
                            "self": 124.34924300001236,
                            "children": {
                                "SubprocessEnvManager._take_step": {
                                    "total": 26.046386500001205,
                                    "count": 50632,
                                    "self": 1.6017399999922617,
                                    "children": {
                                        "TorchPolicy.evaluate": {
                                            "total": 24.444646500008943,
                                            "count": 10016,
                                            "self": 24.444646500008943
                                        }
                                    }
                                },
                                "workers": {
                                    "total": 0.807246100003276,
                                    "count": 49383,
                                    "self": 0.0,
                                    "children": {
                                        "worker_root": {
                                            "total": 2944.357805599993,
                                            "count": 50631,
                                            "is_parallel": true,
                                            "self": 2664.950753399985,
                                            "children": {
                                                "steps_from_proto": {
                                                    "total": 0.002016300000001081,