{
    "name": "root",
    "gauges": {
        "Parkour.Policy.Entropy.mean": {
            "value": 1.4263654947280884,
            "min": 1.4223754405975342,
            "max": 1.4281100034713745,
            "count": 4
        },
        "Parkour.Policy.Entropy.sum": {
            "value": 14342.10546875,
            "min": 14153.6494140625,
            "max": 14349.6494140625,
            "count": 4
        },
        "Parkour.Step.mean": {
            "value": 39991.0,
            "min": 9941.0,
            "max": 39991.0,
            "count": 4
        },
        "Parkour.Step.sum": {
            "value": 39991.0,
            "min": 9941.0,
            "max": 39991.0,
            "count": 4
        },
        "Parkour.Policy.ExtrinsicValueEstimate.mean": {
            "value": 0.08153221011161804,
            "min": -0.0059358817525208,
            "max": 0.08153221011161804,
            "count": 4
        },
        "Parkour.Policy.ExtrinsicValueEstimate.sum": {
            "value": 13.289750099182129,
            "min": -0.9378693103790283,
            "max": 13.289750099182129,
            "count": 4
        },
        "Parkour.Losses.PolicyLoss.mean": {
            "value": 0.2426224847891123,
            "min": 0.23549920152697826,
            "max": 0.2426224847891123,
            "count": 4
        },
        "Parkour.Losses.PolicyLoss.sum": {
            "value": 18.92455381355076,
            "min": 18.133438517577325,
            "max": 18.92455381355076,
            "count": 4
        },
        "Parkour.Losses.ValueLoss.mean": {
            "value": 0.002432778748551523,
            "min": 1.4402027787950965e-05,
            "max": 0.002432778748551523,
            "count": 4
        },
        "Parkour.Losses.ValueLoss.sum": {
            "value": 0.18975674238701878,
            "min": 0.0011377601952481263,
            "max": 0.18975674238701878,
            "count": 4
        },
        "Parkour.Policy.LearningRate.mean": {
            "value": 0.0002790015916148564,
            "min": 0.0002790015916148564,
            "max": 0.0002969992061950701,
            "count": 4
        },
        "Parkour.Policy.LearningRate.sum": {
            "value": 0.021762124145958798,
            "min": 0.021762124145958798,
            "max": 0.022989142436952596,
            "count": 4
        },
        "Parkour.Policy.Epsilon.mean": {
            "value": 0.1930005282051282,
            "min": 0.1930005282051282,
            "max": 0.19899973506493507,
            "count": 4
        },
        "Parkour.Policy.Epsilon.sum": {
            "value": 15.0540412,
            "min": 15.0540412,
            "max": 15.5630474,
            "count": 4
        },
        "Parkour.Policy.Beta.mean": {
            "value": 0.0005000000000000001,
            "min": 0.0005000000000000001,
            "max": 0.0005000000000000001,
            "count": 4
        },
        "Parkour.Policy.Beta.sum": {
            "value": 0.03900000000000001,
            "min": 0.038500000000000006,
            "max": 0.03950000000000001,
            "count": 4
        },
        "Parkour.Environment.EpisodeLength.mean": {
            "value": 860.2222222222222,
            "min": 860.2222222222222,
            "max": 9324.5,
            "count": 3
        },
        "Parkour.Environment.EpisodeLength.sum": {
            "value": 7742.0,
            "min": 7742.0,
            "max": 18649.0,
            "count": 3
        },
        "Parkour.Environment.CumulativeReward.mean": {
            "value": 0.1111111111111111,
            "min": 0.0,
            "max": 0.3333333333333333,
            "count": 3
        },
        "Parkour.Environment.CumulativeReward.sum": {
            "value": 1.0,
            "min": 0.0,
            "max": 1.0,
            "count": 3
        },
        "Parkour.Policy.ExtrinsicReward.mean": {
            "value": 0.1111111111111111,
            "min": 0.0,
            "max": 0.3333333333333333,
            "count": 3
        },
        "Parkour.Policy.ExtrinsicReward.sum": {
            "value": 1.0,
            "min": 0.0,
            "max": 1.0,
            "count": 3
        },
        "Parkour.IsTraining.mean": {
            "value": 1.0,
            "min": 1.0,
            "max": 1.0,
            "count": 4
        },
        "Parkour.IsTraining.sum": {
            "value": 1.0,
            "min": 1.0,
            "max": 1.0,
            "count": 4
        }
    },
    "metadata": {
        "timer_format_version": "0.1.0",
        "start_time_seconds": "1673628905",
        "python_version": "3.9.7 (tags/v3.9.7:1016ef3, Aug 30 2021, 20:19:38) [MSC v.1929 64 bit (AMD64)]",
        "command_line_arguments": "C:\\Users\\rune\\AppData\\Local\\Programs\\Python\\Python39\\Scripts\\mlagents-learn Config/example_config.yaml --run-id=TestRun --force",
        "mlagents_version": "0.30.0",
        "mlagents_envs_version": "0.30.0",
        "communication_protocol_version": "1.5.0",
        "pytorch_version": "1.13.1+cpu",
        "numpy_version": "1.21.2",
        "end_time_seconds": "1673629440"
    },
    "total": 534.5704662,
    "count": 1,
    "self": 0.010128500000178065,
    "children": {
        "run_training.setup": {
            "total": 0.13976580000000016,
            "count": 1,
            "self": 0.13976580000000016
        },
        "TrainerController.start_learning": {
            "total": 534.4205718999999,
            "count": 1,
            "self": 1.3825771999969447,
            "children": {
                "TrainerController._reset_env": {
                    "total": 11.968959199999999,
                    "count": 1,
                    "self": 11.968959199999999
                },
                "TrainerController.advance": {
                    "total": 520.944743300003,
                    "count": 40525,
                    "self": 1.347602300013591,
                    "children": {
                        "env_step": {
                            "total": 421.36851649999574,
                            "count": 40525,
                            "self": 369.8855385999973,
                            "children": {
                                "SubprocessEnvManager._take_step": {
                                    "total": 50.637675399997136,
                                    "count": 40525,
                                    "self": 4.064797700000817,
                                    "children": {
                                        "TorchPolicy.evaluate": {
                                            "total": 46.57287769999632,
                                            "count": 40511,
                                            "self": 46.57287769999632
                                        }
                                    }
                                },
                                "workers": {
                                    "total": 0.8453025000013188,
                                    "count": 40524,
                                    "self": 0.0,
                                    "children": {
                                        "worker_root": {
                                            "total": 505.42484459999895,
                                            "count": 40524,
                                            "is_parallel": true,
                                            "self": 208.26777549999753,
                                            "children": {
                                                "steps_from_proto": {
                                                    "total": 0.00033709999999942397,
                                                    "count": 1,
                                                    "is_parallel": true,
                                                    "self": 0.00014779999999881,